Metric,Value
Accuracy,0.8698
Precision,0.114
Recall,0.21509433962264152
F1-Score,0.14901960784313725
TP,114.0
FP,886.0
TN,8584.0
FN,416.0
