Metric,Value
Accuracy,0.8694
Precision,0.112
Recall,0.21132075471698114
F1-Score,0.14640522875816994
TP,112.0
FP,888.0
TN,8582.0
FN,418.0
