Metric,Value
Accuracy,0.8662
Precision,0.096
Recall,0.1811320754716981
F1-Score,0.12549019607843137
TP,96.0
FP,904.0
TN,8566.0
FN,434.0
